id,nome,ano_lancamento,genero,developer,franchise,descricao,metacritic,nota_kadu,nota_pavam,historico_importante,historico_influente
1,Final Fantasy VII,1997,RPG,Square Enix,Final Fantasy,"Um RPG que levou a escala cinematográfica e a ambição narrativa a um novo patamar no PlayStation. Final Fantasy VII marcou uma geração com seu mundo industrial, personagens memoráveis e uma história sobre identidade, perda e resistência.",92,,,,
2,Resident Evil 2,1998,Survival Horror,Capcom,Resident Evil,"Resident Evil 2 ampliou o terror de sobrevivência ao transformar Raccoon City em um espaço opressivo, conectado e cheio de ameaças. Suas campanhas paralelas, atmosfera e ritmo ajudaram a consolidar a fórmula da série e o gênero no fim dos anos 1990.",89,,,,
3,Metal Gear Solid,1998,Stealth,Konami,Metal Gear,"Metal Gear Solid combinou furtividade, direção cinematográfica e temas políticos em uma experiência que parecia muito maior do que o hardware permitia. Sua linguagem de câmera, dublagem e narrativa ajudou a redefinir o que um jogo de ação poderia comunicar.",94,,,,
4,The Legend of Zelda: Ocarina of Time,1998,Action-Adventure,Nintendo,The Legend of Zelda,"Ocarina of Time estabeleceu uma referência duradoura para aventuras em três dimensões, especialmente em câmera, exploração e combate com alvo fixo. Hyrule ganhou escala, ritmo e memória, tornando a jornada de Link um dos registros mais influentes do meio.",99,,,,
5,Silent Hill,1999,Survival Horror,Konami,Silent Hill,"Silent Hill trocou sustos diretos por névoa, ruído e desconforto psicológico. Sua cidade funciona como lugar e estado mental, inaugurando uma abordagem mais íntima do horror e mostrando que limitações técnicas também poderiam se tornar parte essencial da atmosfera.",86,,,,
6,Deus Ex,2000,RPG,Ion Storm,Deus Ex,"Deus Ex uniu RPG, furtividade, ação e escolhas em fases abertas que aceitavam soluções muito diferentes. Ao colocar conspirações, tecnologia e liberdade do jogador no centro da experiência, tornou-se uma referência para jogos imersivos e sistemas interligados.",90,,,,
7,Halo: Combat Evolved,2001,First-Person Shooter,Bungie,Halo,"Halo: Combat Evolved adaptou o tiro em primeira pessoa aos controles de console com clareza, ritmo e precisão. Sua campanha, inteligência artificial e estrutura de combate ajudaram a definir o gênero no Xbox e influenciaram uma geração de shooters.",97,,,,
8,Max Payne,2001,Third-Person Shooter,Remedy Entertainment,Max Payne,"Max Payne transformou o bullet time em linguagem de combate e estética narrativa. Com tiroteios coreografados, clima noir e uma história contada como romance policial fragmentado, o jogo aproximou ação, cinema e melancolia de uma forma muito particular.",89,,,,
9,GTA: Vice City,2002,Open World,Rockstar North,Grand Theft Auto,"Vice City transformou a cidade aberta em uma fantasia cultural marcada por música, moda e crime nos anos 1980. Sua identidade audiovisual mostrou como um mundo virtual poderia ser lembrado não apenas por missões, mas pela sensação de simplesmente existir nele.",95,,,,
10,Prince of Persia: The Sands of Time,2003,Action-Adventure,Ubisoft Montreal,Prince of Persia,"The Sands of Time renovou Prince of Persia com acrobacias fluidas, manipulação temporal e uma narrativa de aventura elegante. O controle do tempo tornou erro, movimento e história partes do mesmo sistema, influenciando muitos jogos de ação que vieram depois.",92,,,,
11,GTA: San Andreas,2004,Open World,Rockstar North,Grand Theft Auto,"San Andreas expandiu a fórmula de mundo aberto com três cidades, personalização, atividades e uma sensação incomum de liberdade. A jornada de CJ também transformou o cenário em retrato cultural, fazendo do jogo um dos mundos virtuais mais reconhecíveis de sua geração.",95,,,,
12,Halo 2,2004,First-Person Shooter,Bungie,Halo,"Halo 2 ampliou a escala da série com campanha dividida, conflitos mais complexos e uma estrutura online decisiva para os consoles. Seu multiplayer ajudou a normalizar partidas conectadas no Xbox e estabeleceu expectativas que permaneceriam por muitos anos.",95,,,,
13,Metal Gear Solid 3: Snake Eater,2004,Stealth,Konami,Metal Gear,"Snake Eater levou Metal Gear ao passado e aproximou espionagem, sobrevivência e drama pessoal. A selva, o sistema de camuflagem e a relação entre Snake e The Boss criaram uma obra ao mesmo tempo política, trágica e profundamente humana.",91,,,,
14,Resident Evil 4,2005,Survival Horror,Capcom,Resident Evil,"Resident Evil 4 reposicionou a câmera, acelerou o combate e redefiniu a ação em terceira pessoa. Seu enquadramento sobre o ombro e o ritmo preciso influenciaram inúmeros jogos, enquanto a vila e seus encontros permaneceram como imagens centrais do horror moderno.",96,,,,
15,Half-Life 2,2004,First-Person Shooter,Valve,Half-Life,"Half-Life 2 integrou narrativa, física e exploração sem interromper constantemente o controle do jogador. City 17, a Gravity Gun e a direção ambiental mostraram como tecnologia e construção de mundo poderiam avançar juntas dentro de um shooter.",96,,,,
16,God of War,2005,Hack and Slash,Santa Monica Studio,God of War,"God of War apresentou uma ação brutal, imediata e cinematográfica inspirada na mitologia grega. A escala dos confrontos, o ritmo e a figura de Kratos transformaram o jogo em uma referência do PlayStation 2 e do gênero hack and slash.",94,,,,
17,Shadow of the Colossus,2005,Action-Adventure,Team Ico,Shadow of the Colossus,"Shadow of the Colossus reduziu a aventura a paisagem, silêncio e confrontos contra criaturas monumentais. Sua escala comunica solidão e culpa sem depender de longas explicações, fazendo de cada colosso uma batalha e uma lembrança difícil de abandonar.",91,,,,
18,Black,2006,First-Person Shooter,Criterion Games,Black,"Black construiu sua identidade em torno do impacto visual e sonoro das armas. Mesmo com uma estrutura direta, demonstrou o quanto um shooter de console poderia parecer intenso e destrutivo, tornando-se uma vitrine técnica marcante do fim da geração PlayStation 2.",79,,,,
19,Need for Speed: Most Wanted,2005,Racing,EA Canada,Need for Speed,"Most Wanted combinou corridas urbanas, perseguições policiais e progressão em torno da Blacklist. A BMW M3 GTR, o tom amarelado e a pressão constante das autoridades criaram uma identidade que ainda define a memória popular de Need for Speed.",83,,,,
20,The Elder Scrolls IV: Oblivion,2006,RPG,Bethesda Game Studios,The Elder Scrolls,"Oblivion abriu Cyrodiil como um mundo amplo, acessível e cheio de histórias paralelas. Sua liberdade, exploração e sistema de missões ajudaram a popularizar o RPG de mundo aberto nos consoles de alta definição.",94,,,,
21,Gears of War,2006,Third-Person Shooter,Epic Games,Gears of War,"Gears of War consolidou o combate baseado em cobertura com peso, impacto e leitura visual imediata. Sua estética destruída, cooperação e ritmo de batalha influenciaram inúmeros jogos de ação em terceira pessoa durante a geração Xbox 360.",94,,,,
22,BioShock,2007,First-Person Shooter,Irrational Games,BioShock,"BioShock transformou a cidade submarina de Rapture em argumento político, cenário e ameaça. Ao combinar exploração, poderes e escolhas dentro de um shooter, criou uma experiência lembrada tanto por seus sistemas quanto por aquilo que questiona sobre controle.",96,,,,
23,Mass Effect,2007,RPG,BioWare,Mass Effect,"Mass Effect levou decisões, relações e exploração espacial para uma saga planejada em vários jogos. A Normandy e sua tripulação fizeram o universo parecer pessoal, enquanto o diálogo e as escolhas deram ao jogador uma participação incomum na construção da história.",91,,,,
24,Call of Duty 4: Modern Warfare,2007,First-Person Shooter,Infinity Ward,Call of Duty,Modern Warfare deslocou Call of Duty para conflitos contemporâneos com ritmo cinematográfico e missões muito variadas. Sua campanha e seu multiplayer estabeleceram um modelo dominante para shooters militares e para a progressão online nos anos seguintes.,94,,,,
25,Dead Space,2008,Survival Horror,EA Redwood Shores,Dead Space,"Dead Space levou o terror de sobrevivência para corredores industriais no espaço, usando som, iluminação e interface integrada ao traje. O desmembramento estratégico e a vulnerabilidade de Isaac deram ao combate uma tensão própria e facilmente reconhecível.",89,,,,
26,Fallout 3,2008,RPG,Bethesda Game Studios,Fallout,"Fallout 3 transformou o deserto nuclear da série em um mundo tridimensional aberto à exploração. Washington em ruínas, escolhas morais e pequenas histórias espalhadas pelo mapa ajudaram a aproximar RPG, descoberta e narrativa ambiental de um público maior.",93,,,,
27,Assassin's Creed II,2009,Action-Adventure,Ubisoft Montreal,Assassin's Creed,"Assassin's Creed II refinou a promessa da série ao unir cidades históricas, mobilidade e a trajetória pessoal de Ezio Auditore. Sua evolução de personagem e variedade de atividades fizeram do Renascimento um espaço de aventura e memória.",91,,,,
28,Batman: Arkham Asylum,2009,Action-Adventure,Rocksteady Studios,Batman: Arkham,"Arkham Asylum fez o jogador sentir a presença física, investigativa e estratégica do Batman. O combate fluido, a exploração conectada e o uso dos vilões mostraram como uma adaptação poderia respeitar o personagem sem depender apenas de sua fama.",92,,,,
29,Demon's Souls,2009,RPG,FromSoftware,Demon's Souls,"Demon's Souls construiu uma aventura exigente baseada em observação, risco e aprendizado. Sua estrutura de mundos, combate deliberado e relação entre morte e progresso estabeleceu fundamentos que influenciariam profundamente os RPGs de ação modernos.",89,,,,
30,Uncharted 2: Among Thieves,2009,Action-Adventure,Naughty Dog,Uncharted,"Uncharted 2 aproximou ação, aventura e espetáculo com transições quase invisíveis entre narrativa e controle. Sequências como o trem mostraram como o videogame poderia criar cenas cinematográficas sem abandonar o ritmo da interação.",96,,,,
31,Red Dead Redemption,2010,Open World,Rockstar San Diego,Red Dead,"Red Dead Redemption transformou o fim do velho oeste em uma história sobre violência, mudança e impossibilidade de escapar do passado. O mundo aberto, os encontros e a trajetória de John Marston deram peso humano à fantasia de pistoleiro.",95,,,,
32,Fallout: New Vegas,2010,RPG,Obsidian Entertainment,Fallout,"New Vegas usou o deserto de Mojave para construir facções, conflitos e escolhas com consequências políticas claras. Sua escrita e liberdade de interpretação fizeram do mundo aberto um espaço onde identidade e decisão importam tanto quanto exploração.",84,,,,
33,Mass Effect 2,2010,RPG,BioWare,Mass Effect,"Mass Effect 2 concentrou a saga em uma missão suicida e em uma tripulação que precisava ser conhecida, preparada e conquistada. Sua estrutura de lealdade tornou relações pessoais parte do sistema central e elevou o impacto das escolhas finais.",96,,,,
34,Portal 2,2011,Puzzle,Valve,Portal,"Portal 2 ampliou a lógica dos portais com novos materiais, cooperação e uma narrativa guiada por humor e descoberta. Cada sala funciona como problema, piada e peça de um laboratório abandonado que ainda parece pensar.",95,,,,
35,The Elder Scrolls V: Skyrim,2011,RPG,Bethesda Game Studios,The Elder Scrolls,"Skyrim tornou a exploração de fantasia acessível em uma escala raramente vista nos consoles. Montanhas, ruínas, dragões e histórias paralelas criaram um mundo capaz de produzir jornadas muito diferentes para cada jogador.",96,,,,
36,Dark Souls,2011,RPG,FromSoftware,Dark Souls,"Dark Souls construiu um mundo conectado, hostil e pouco explicado, no qual aprender significava observar e insistir. Seu combate, sua narrativa fragmentada e a relação entre dificuldade e descoberta mudaram a linguagem dos RPGs de ação.",89,,,,
37,Batman: Arkham City,2011,Action-Adventure,Rocksteady Studios,Batman: Arkham,"Arkham City expandiu a fórmula de seu antecessor para uma área urbana aberta sem perder densidade. O movimento, o combate e a presença de vários antagonistas fizeram Gotham parecer um sistema vivo de ameaças e histórias.",96,,,,
38,Far Cry 3,2012,First-Person Shooter,Ubisoft Montreal,Far Cry,"Far Cry 3 combinou mundo aberto, sobrevivência e caos emergente em uma ilha dominada por violência. Vaas e a progressão do protagonista deram personalidade a uma estrutura que influenciaria muitos jogos de ação posteriores.",91,,,,
39,BioShock Infinite,2013,First-Person Shooter,Irrational Games,BioShock,"BioShock Infinite levou a série para a cidade flutuante de Columbia e colocou identidade, excepcionalismo e realidades paralelas no centro da narrativa. Sua direção visual e relação entre Booker e Elizabeth sustentam uma aventura grandiosa e inquieta.",94,,,,
40,Tomb Raider,2013,Action-Adventure,Crystal Dynamics,Tomb Raider,"Tomb Raider reconstruiu Lara Croft como uma sobrevivente vulnerável, mas determinada. Exploração, combate e progressão deram nova forma à franquia, aproximando aventura cinematográfica e construção gradual da personagem.",87,,,,
41,The Last of Us,2013,Action-Adventure,Naughty Dog,The Last of Us,"The Last of Us transformou uma viagem por um mundo em colapso em uma história íntima sobre vínculo, medo e perda. A relação entre Joel e Ellie deu peso emocional ao combate e estabeleceu uma nova referência para narrativas dramáticas nos jogos.",95,,,,
42,Grand Theft Auto V,2013,Open World,Rockstar North,Grand Theft Auto,"Grand Theft Auto V apresentou Los Santos por três protagonistas com perspectivas e ritmos diferentes. A escala do mundo, a troca entre personagens e a atenção aos detalhes consolidaram a ambição técnica e cultural da série.",97,,,,
43,The Witcher 3: Wild Hunt,2015,RPG,CD Projekt Red,The Witcher,"The Witcher 3 construiu um mundo aberto no qual até pequenas missões carregam contexto, ambiguidade e consequência. A jornada de Geralt e Ciri mostrou como escala e escrita cuidadosa poderiam coexistir em um RPG de grande orçamento.",93,,,,
44,Bloodborne,2015,RPG,FromSoftware,Bloodborne,"Bloodborne acelerou a fórmula da FromSoftware e a mergulhou em uma cidade gótica tomada por doença, culto e horror cósmico. Seu combate agressivo e sua arquitetura transformaram Yharnam em um dos mundos mais marcantes da geração.",92,,,,
45,Ori and the Blind Forest,2015,Platform,Moon Studios,Ori,"Ori and the Blind Forest combinou plataforma precisa, exploração e uma apresentação delicada sobre perda e renovação. Sua floresta luminosa contrasta beleza e dificuldade, fazendo do movimento uma forma de expressão emocional.",88,,,,
46,DOOM,2016,First-Person Shooter,id Software,DOOM,"DOOM recuperou a velocidade e a agressividade da série com arenas que recompensam movimento constante. O combate direto, a trilha intensa e as eliminações aproximadas devolveram ao shooter uma energia física e sem hesitação.",87,,,,
47,Uncharted 4: A Thief's End,2016,Action-Adventure,Naughty Dog,Uncharted,"A Thief's End encerrou a trajetória de Nathan Drake com uma aventura mais madura sobre obsessão, família e abandono. Seu espetáculo técnico convive com momentos silenciosos, dando ao fim da série um peso raro em grandes produções.",93,,,,
48,The Last Guardian,2016,Action-Adventure,GenDesign,The Last Guardian,"The Last Guardian construiu sua aventura ao redor da relação imperfeita entre um menino e Trico. A dificuldade de comunicação não é apenas obstáculo: ela transforma confiança, cuidado e movimento em parte central da experiência.",82,,,,
49,Horizon Zero Dawn,2017,Action-Adventure,Guerrilla Games,Horizon,"Horizon Zero Dawn combinou natureza, ruínas tecnológicas e criaturas mecânicas em um mundo de identidade própria. Aloy conduz uma investigação pessoal que também revela como aquela civilização caiu e por que o mundo recomeçou.",89,,,,
50,NieR: Automata,2017,RPG,PlatinumGames,NieR,"NieR: Automata combina combate estilizado, múltiplas perspectivas e uma narrativa filosófica sobre identidade e consciência. Sua estrutura de finais e repetições transforma aquilo que parecia conhecido, fazendo da melancolia parte do próprio sistema.",88,,,,
51,Persona 5,2017,RPG,P-Studio,Persona,"Persona 5 transforma rotina escolar, amizade e rebeldia em um RPG de estilo visual inconfundível. A alternância entre Tóquio e os Palácios cria um ritmo próprio, no qual tempo e relações têm tanto peso quanto o combate.",93,,,,
52,The Legend of Zelda: Breath of the Wild,2017,Action-Adventure,Nintendo,The Legend of Zelda,"Breath of the Wild reorganizou Zelda em torno de curiosidade, física e liberdade de exploração. Hyrule deixa de ser apenas sequência de objetivos e se torna um espaço onde clima, terreno e criatividade produzem soluções pessoais.",97,,,,
53,God of War,2018,Action-Adventure,Santa Monica Studio,God of War,"God of War reinventou Kratos ao trocar o excesso constante por uma viagem mais íntima entre pai e filho. O combate, a câmera contínua e a mitologia nórdica sustentam uma obra sobre culpa, legado e tentativa de mudança.",94,,,,
54,Marvel's Spider-Man,2018,Action-Adventure,Insomniac Games,Marvel's Spider-Man,"Marvel's Spider-Man traduziu movimento, humor e responsabilidade para uma Nova York aberta e fluida. Balançar entre prédios é parte essencial da experiência, enquanto Peter Parker mantém o lado humano por trás do herói.",87,,,,
55,Red Dead Redemption 2,2018,Open World,Rockstar Studios,Red Dead,"Red Dead Redemption 2 acompanha a lenta dissolução de uma gangue e de uma forma de vida. Seu mundo detalhado, ritmo deliberado e trajetória de Arthur Morgan transformam o faroeste em uma reflexão sobre lealdade, violência e redenção.",97,,,,
56,Quantum Break,2016,Third-Person Shooter,Remedy Entertainment,Quantum Break,"Quantum Break misturou tiroteios, poderes temporais e episódios filmados em uma experiência híbrida. Mesmo irregular, representa a busca da Remedy por unir narrativa audiovisual e mecânicas que alteram o tempo dentro do combate.",77,,,,
57,Control,2019,Action-Adventure,Remedy Entertainment,Control,"Control transforma um prédio governamental impossível em labirinto arquitetônico e paranormal. Jesse Faden, a Arma de Serviço e a destruição dos ambientes sustentam uma experiência em que burocracia e estranheza convivem naturalmente.",85,,,,
58,Sekiro: Shadows Die Twice,2019,Action-Adventure,FromSoftware,Sekiro,"Sekiro substituiu a variedade de builds por um duelo preciso baseado em postura, ritmo e reação. Sua interpretação fantástica do Japão e o movimento vertical deram nova forma à exigência característica da FromSoftware.",91,,,,
59,Death Stranding,2019,Action-Adventure,Kojima Productions,Death Stranding,"Death Stranding fez da travessia, do peso e da conexão suas principais mecânicas. Caminhar por paisagens vazias deixa de ser intervalo e se torna o centro de uma obra sobre isolamento, trabalho e vínculos reconstruídos.",82,,,,
60,Ghost of Tsushima,2020,Action-Adventure,Sucker Punch Productions,Ghost of Tsushima,"Ghost of Tsushima transforma a ilha invadida em um cenário de beleza, conflito e mudança. A trajetória de Jin Sakai coloca honra e sobrevivência em tensão, enquanto vento, cor e composição orientam a exploração com elegância.",83,,,,
61,The Last of Us Part II,2020,Action-Adventure,Naughty Dog,The Last of Us,"The Last of Us Part II apresenta uma história dura sobre violência, luto e perspectiva. Ao dividir o jogador entre personagens em conflito, o jogo recusa respostas confortáveis e usa seus sistemas para aproximar ação e consequência emocional.",93,,,,
62,Elden Ring,2022,RPG,FromSoftware,Elden Ring,"Elden Ring levou a exploração da FromSoftware para um mundo aberto repleto de ruínas, caminhos ocultos e encontros inesperados. A liberdade de direção amplia a descoberta sem abandonar o mistério, o risco e a construção fragmentada de seu universo.",96,,,,
63,Baldur's Gate 3,2023,RPG,Larian Studios,Baldur's Gate,"Baldur's Gate 3 transformou regras complexas de RPG em uma aventura acessível, reativa e profundamente aberta à experimentação. Personagens, escolhas e sistemas se combinam para produzir histórias que parecem realmente responder ao jogador.",96,,,,
64,Alan Wake 2,2023,Survival Horror,Remedy Entertainment,Alan Wake,"Alan Wake 2 mistura survival horror, investigação e linguagem audiovisual em uma narrativa sobre criação e realidade. A alternância entre Alan e Saga permite que lugares, gêneros e perspectivas se dobrem como páginas de uma história instável.",89,,,,
65,Astro Bot,2024,Platform,Team Asobi,Astro Bot,"Astro Bot celebra a história do PlayStation por meio de plataforma precisa, invenções constantes e uso criativo do controle. Sua leveza não diminui o cuidado técnico: cada fase apresenta novas ideias com clareza e entusiasmo.",94,,,,
66,Black Myth: Wukong,2024,RPG,Game Science,Black Myth,"Black Myth: Wukong transforma a tradição de Jornada ao Oeste em um RPG de ação visualmente ambicioso. Combates contra criaturas mitológicas, cenários detalhados e a figura do Destinado dão nova escala a uma referência central da cultura chinesa.",81,,,,
67,The Legend of Zelda: A Link to the Past,1991,Action-Adventure,Nintendo EAD,The Legend of Zelda,"A Link to the Past consolidou a estrutura clássica de Zelda ao conectar exploração, masmorras e dois mundos sobrepostos. Seu ritmo e desenho de mapa transformaram Hyrule em uma referência duradoura para aventuras em duas dimensões.",,,,,
68,Celeste,2018,Platform,Matt Makes Games,Celeste,"Celeste combina plataforma de precisão com uma história íntima sobre ansiedade, insegurança e perseverança. A subida da montanha transforma repetição e dificuldade em partes naturais do crescimento de Madeline.",94,,,,
69,Hades,2020,Roguelike,Supergiant Games,Hades,"Hades transforma a repetição do roguelike em continuidade narrativa, fazendo cada tentativa revelar novos diálogos e relações. Combate rápido, arte e mitologia se conectam para tornar o fracasso parte essencial da jornada de Zagreus.",93,,,,
70,The Forest,2018,Survival Horror,Endnight Games,The Forest,"The Forest mistura sobrevivência, construção e horror em uma ilha que reage à presença do jogador. A ameaça dos habitantes, a liberdade de exploração e o mistério subterrâneo criam uma experiência constantemente imprevisível.",83,,,,
71,Hollow Knight,2017,Metroidvania,Team Cherry,Hollow Knight,"Hollow Knight apresenta Hallownest como um reino em ruínas descoberto por movimento, combate e silêncio. Seu mapa interligado, direção artística e narrativa fragmentada renovaram o interesse pelo metroidvania independente.",87,,,,
72,Resident Evil (1996),1996,Survival Horror,Capcom,Resident Evil,"Resident Evil consolidou o survival horror ao limitar recursos e transformar uma mansão em um labirinto de tensão. Câmeras fixas, enigmas e vulnerabilidade estabeleceram uma linguagem que marcaria o gênero por décadas.",91,,,,
73,Silent Hill 2,2001,Survival Horror,Team Silent,Silent Hill,"Silent Hill 2 colocou culpa, luto e repressão no centro de uma experiência de horror psicológico. A cidade e suas criaturas funcionam como reflexos pessoais, tornando a jornada de James mais íntima do que explicativa. Dentro deste arquivo, ele não é apenas um marco histórico: é o registro mais importante para seu criador.",89,,,,
74,P.T.,2014,Survival Horror,Kojima Productions,Silent Hill,"P.T. transformou um único corredor em um espaço mutável, claustrofóbico e difícil de compreender. Mesmo ligado a um projeto cancelado, seu lançamento secreto e sua linguagem de horror influenciaram inúmeros jogos posteriores.",,,,,
75,Life is Strange,2015,Adventure,Dontnod Entertainment,Life is Strange,"Life is Strange combina drama adolescente, mistério e escolhas com a possibilidade de voltar no tempo. Arcadia Bay, sua trilha e a amizade entre Max e Chloe deram identidade emocional a uma geração de aventuras narrativas.",85,,,,
76,Inside,2016,Puzzle,Playdead,Inside,"Inside conduz o jogador por um mundo industrial opressivo sem depender de diálogos ou explicações diretas. Movimento, enquadramento e puzzles ambientais constroem uma narrativa inquietante sobre controle e perda de identidade.",93,,,,
77,Cuphead,2017,Run and Gun,Studio MDHR,Cuphead,"Cuphead recria a animação dos anos 1930 com desenhos, cenários e música produzidos para parecerem parte daquele período. A apresentação incomum acompanha confrontos exigentes que valorizam leitura, repetição e domínio dos padrões.",88,,,,
78,Cry of Fear,2012,Survival Horror,Team Psykskallar,Cry of Fear,"Cry of Fear nasceu como uma modificação de Half-Life e transformou ambientes urbanos comuns em espaços de isolamento psicológico. Sua atmosfera áspera, narrativa pessoal e disponibilidade gratuita ajudaram a formar um clássico cult do horror no PC.",,,,,
79,GRIS,2018,Platform,Nomada Studio,GRIS,"GRIS utiliza cor, movimento e música para representar uma travessia emocional sem explicar diretamente cada símbolo. As habilidades adquiridas acompanham a reconstrução de seu mundo e transformam a plataforma em linguagem visual.",84,,,,
80,Hellblade: Senua's Sacrifice,2017,Action-Adventure,Ninja Theory,Hellblade,"Hellblade acompanha Senua por uma jornada construída entre mitologia, trauma e percepção. O uso de áudio binaural e vozes próximas ao jogador cria uma experiência sensorial inseparável de sua narrativa.",83,,,,
81,Journey,2012,Adventure,thatgamecompany,Journey,"Journey reduz comunicação e objetivos ao essencial para criar uma peregrinação silenciosa por ruínas e desertos. O encontro anônimo com outro jogador transforma cooperação em gesto, presença e memória compartilhada.",92,,,,
82,L.A. Noire,2011,Action-Adventure,Team Bondi,L.A. Noire,"L.A. Noire transforma investigação, interrogatório e observação facial em sistemas centrais de uma história policial. Sua recriação de Los Angeles e estrutura de casos aproximam mundo aberto, aventura e cinema noir.",89,,,,
83,Limbo,2010,Puzzle,Playdead,Limbo,"Limbo utiliza silhuetas, silêncio e física para construir uma travessia hostil que raramente explica suas regras. Seu visual monocromático e suas mortes abruptas estabeleceram uma referência imediata para jogos independentes atmosféricos.",90,,,,
84,Unravel,2016,Platform,Coldwood Interactive,Unravel,"Unravel transforma o fio de Yarny em ferramenta de movimento, puzzle e metáfora de ligação afetiva. Paisagens inspiradas na Escandinávia dão escala e delicadeza a uma aventura sobre lembranças familiares.",81,,,,
85,A Plague Tale: Innocence,2019,Action-Adventure,Asobo Studio,A Plague Tale,"A Plague Tale: Innocence acompanha dois irmãos tentando sobreviver à guerra, à peste e a enxames de ratos. Furtividade, luz e cuidado mútuo sustentam uma narrativa linear marcada pela fragilidade de Amicia e Hugo.",83,,,,
86,The Evil Within,2014,Survival Horror,Tango Gameworks,The Evil Within,"The Evil Within marcou o retorno de Shinji Mikami ao horror com espaços grotescos que se reorganizam sem aviso. Escassez, armadilhas e violência aproximam o survival horror clássico de uma ação mais agressiva.",79,,,,
87,What Remains of Edith Finch,2017,Adventure,Giant Sparrow,What Remains of Edith Finch,"What Remains of Edith Finch transforma cada integrante de uma família em uma pequena história com linguagem própria. A casa funciona como arquivo de ausências, permitindo que mecânicas diferentes representem memória, imaginação e morte.",89,,,,
88,Tony Hawk's Pro Skater 3,2001,Sports,Neversoft,Tony Hawk's,"Tony Hawk’s Pro Skater 3 refinou a fluidez de manobras, linhas e combinações que definiu a série. Fases densas, objetivos rápidos e recursos online fizeram do skate uma das experiências mais acessíveis e técnicas de sua geração.",97,,,,
89,Spec Ops: The Line,2012,Third-Person Shooter,Yager Development,Spec Ops,"Spec Ops: The Line utiliza a aparência de um shooter militar convencional para questionar violência, heroísmo e obediência. A campanha em Dubai confronta o jogador com consequências que tornam desconfortável a própria participação.",77,,,,
90,Chrono Trigger,1995,RPG,Square,Chrono,"Chrono Trigger combina viagens no tempo, batalhas ágeis e personagens de épocas diferentes em uma aventura de ritmo excepcional. Suas decisões, missões opcionais e múltiplos finais mostraram como um RPG poderia reagir à ordem escolhida pelo jogador.",,,,,
91,Castlevania: Symphony of the Night,1997,Metroidvania,Konami,Castlevania,"Symphony of the Night abriu o castelo de Dracula para exploração livre, progressão de equipamentos e retorno a áreas antigas. A combinação entre ação lateral e estrutura de RPG ajudou a consolidar o modelo posteriormente chamado de metroidvania.",93,,,,
92,The Walking Dead: Season One,2012,Adventure,Telltale Games,The Walking Dead,"The Walking Dead: Season One colocou relações e decisões emocionais acima da resolução tradicional de enigmas. A ligação entre Lee e Clementine mostrou como escolhas limitadas ainda poderiam produzir envolvimento, culpa e responsabilidade.",94,,,,
93,Devil May Cry 3: Dante's Awakening,2005,Hack and Slash,Capcom,Devil May Cry,"Devil May Cry 3 expandiu o combate estiloso com diferentes estilos, armas e possibilidades de combinação. A rivalidade entre Dante e Vergil deu personalidade a uma campanha que se tornou referência para jogos de ação técnica.",84,,,,
94,Mirror's Edge Catalyst,2016,Action-Adventure,EA DICE,Mirror's Edge,"Mirror’s Edge Catalyst amplia o movimento de Faith para uma cidade aberta construída em torno de velocidade e continuidade. Sua arquitetura branca, cores funcionais e parkour em primeira pessoa preservam uma identidade visual rara entre grandes produções.",74,,,,
95,Clair Obscur: Expedition 33,2025,RPG,Sandfall Interactive,Clair Obscur,"Clair Obscur: Expedition 33 combina batalhas em turnos com comandos em tempo real e uma direção artística inspirada na Belle Époque. Sua expedição trata mortalidade, arte e continuidade por meio de personagens marcados por uma contagem inevitável.",92,,,,
96,The Legend of Zelda: Majora's Mask,2000,Action-Adventure,Nintendo EAD,The Legend of Zelda,"Majora’s Mask reorganiza Zelda ao prender Termina em um ciclo de três dias que precisa ser observado e repetido. Rotinas, máscaras e histórias paralelas transformam o fim do mundo em uma experiência sobre tempo, perda e comunidade.",95,,,,
97,DOOM (1993),1993,First-Person Shooter,id Software,DOOM,"DOOM popularizou o tiro em primeira pessoa com velocidade, labirintos e uma presença física imediata. Sua distribuição, ferramentas e comunidade de modificações também ajudaram a estabelecer uma cultura duradoura de criação no PC.",,,,,
98,Super Mario 64,1996,Platform,Nintendo EAD,Mario,"Super Mario 64 apresentou movimento tridimensional com liberdade, precisão e objetivos distribuídos dentro de espaços exploráveis. Sua câmera, estrutura por estrelas e controle analógico se tornaram referência para o design de plataforma em 3D.",94,,,,
99,Tomb Raider (1996),1996,Action-Adventure,Core Design,Tomb Raider,"Tomb Raider levou exploração, plataforma e enigmas para ambientes tridimensionais de grande escala. Lara Croft e as ruínas percorridas pelo jogo se tornaram símbolos da geração inicial do PlayStation.",91,,,,
100,Half-Life,1998,First-Person Shooter,Valve,Half-Life,"Half-Life integrou narrativa e ação sem retirar constantemente o controle do jogador. Eventos roteirizados, inteligência artificial e continuidade espacial transformaram Black Mesa em um lugar convincente e redefiniram o ritmo dos shooters para PC.",96,,,,
101,Silent Hill 2 Remake,2024,Survival Horror,Bloober Team,Silent Hill,"Silent Hill 2 Remake reconstrói a jornada de James Sunderland com nova perspectiva, espaços ampliados e uma presença física mais intensa. A releitura preserva o peso psicológico do original enquanto traduz sua névoa, silêncio e desconforto para uma linguagem contemporânea.",87,,,,
102,Fatal Frame II: Crimson Butterfly,2003,Survival Horror,Tecmo,Fatal Frame,"Fatal Frame II: Crimson Butterfly acompanha duas irmãs presas em uma aldeia marcada por um ritual interrompido. Ao transformar a câmera em defesa contra os fantasmas, o jogo aproxima vulnerabilidade, observação e terror japonês de uma tragédia profundamente pessoal.",81,,,,
103,Fallout 4,2015,RPG,Bethesda Game Studios,Fallout,"Fallout 4 transforma as ruínas de Boston em um espaço amplo de exploração, combate e histórias ambientais. A construção de assentamentos e a liberdade para modificar equipamentos ampliam a ideia de reconstruir uma vida dentro do pós-apocalipse.",88,,,,
104,GTA IV,2008,Action-Adventure,Rockstar North,Grand Theft Auto,"GTA IV apresenta Liberty City por meio da chegada de Niko Bellic e de uma visão mais amarga do sonho americano. Sua física, densidade urbana e narrativa contida deram à série um peso humano e material diferente dos capítulos anteriores.",98,,,,
105,Call of Duty: Black Ops,2010,First-Person Shooter,Treyarch,Call of Duty,"Call of Duty: Black Ops combina operações secretas da Guerra Fria com uma campanha fragmentada por memória, manipulação e paranoia. Seu multiplayer e o modo Zombies consolidaram imagens, mapas e personagens que se tornaram centrais para a identidade da subsérie.",88,,,,
